match_id,game_type,horizon_type,path,L_window,reasoning_mode,seed,max_round,player1,player2,round,p_now,p_in_prompt,answer1,answer2,points1,points2,total1,total2
exp3-BoS-down-baseline-seed0-rep0,BoS,continuation_dynamic,down,5,baseline,0,200,act_openai_gpt,act_kimi,1,1.0,1,J,J,10,7,10,7
exp3-BoS-down-baseline-seed0-rep0,BoS,continuation_dynamic,down,5,baseline,0,200,act_openai_gpt,act_kimi,2,0.9974874371859297,1,J,J,10,7,20,14
exp3-BoS-down-baseline-seed0-rep0,BoS,continuation_dynamic,down,5,baseline,0,200,act_openai_gpt,act_kimi,3,0.9949748743718593,1,J,J,10,7,30,21
exp3-BoS-down-baseline-seed0-rep0,BoS,continuation_dynamic,down,5,baseline,0,200,act_openai_gpt,act_kimi,4,0.992462311557789,1,J,J,10,7,40,28
exp3-BoS-down-baseline-seed0-rep0,BoS,continuation_dynamic,down,5,baseline,0,200,act_openai_gpt,act_kimi,5,0.9899497487437185,1,J,J,10,7,50,35
exp3-BoS-down-baseline-seed0-rep0,BoS,continuation_dynamic,down,5,baseline,0,200,act_openai_gpt,act_kimi,6,0.9874371859296482,1,J,J,10,7,60,42
exp3-BoS-down-baseline-seed0-rep0,BoS,continuation_dynamic,down,5,baseline,0,200,act_openai_gpt,act_kimi,7,0.9849246231155779,1,J,J,10,7,70,49
exp3-BoS-down-baseline-seed0-rep0,BoS,continuation_dynamic,down,5,baseline,0,200,act_openai_gpt,act_kimi,8,0.9824120603015075,1,J,J,10,7,80,56
exp3-BoS-down-baseline-seed0-rep0,BoS,continuation_dynamic,down,5,baseline,0,200,act_openai_gpt,act_kimi,9,0.9798994974874372,1,J,J,10,7,90,63
exp3-BoS-down-baseline-seed0-rep0,BoS,continuation_dynamic,down,5,baseline,0,200,act_openai_gpt,act_kimi,10,0.9773869346733668,1,J,J,10,7,100,70
exp3-BoS-down-baseline-seed0-rep0,BoS,continuation_dynamic,down,5,baseline,0,200,act_openai_gpt,act_kimi,11,0.9748743718592965,1,J,J,10,7,110,77
exp3-BoS-down-baseline-seed0-rep0,BoS,continuation_dynamic,down,5,baseline,0,200,act_openai_gpt,act_kimi,12,0.9723618090452262,1,J,J,10,7,120,84
exp3-BoS-down-baseline-seed0-rep0,BoS,continuation_dynamic,down,5,baseline,0,200,act_openai_gpt,act_kimi,13,0.9698492462311558,1,J,J,10,7,130,91
exp3-BoS-down-baseline-seed0-rep0,BoS,continuation_dynamic,down,5,baseline,0,200,act_openai_gpt,act_kimi,14,0.9673366834170855,1,J,J,10,7,140,98
exp3-BoS-down-baseline-seed0-rep0,BoS,continuation_dynamic,down,5,baseline,0,200,act_openai_gpt,act_kimi,15,0.964824120603015,1,J,J,10,7,150,105
exp3-BoS-down-baseline-seed0-rep0,BoS,continuation_dynamic,down,5,baseline,0,200,act_openai_gpt,act_kimi,16,0.9623115577889447,1,J,J,10,7,160,112
exp3-BoS-down-baseline-seed0-rep0,BoS,continuation_dynamic,down,5,baseline,0,200,act_openai_gpt,act_kimi,17,0.9597989949748744,1,J,J,10,7,170,119
exp3-BoS-down-baseline-seed0-rep0,BoS,continuation_dynamic,down,5,baseline,0,200,act_openai_gpt,act_kimi,18,0.957286432160804,1,J,J,10,7,180,126
exp3-BoS-down-baseline-seed2-rep0,BoS,continuation_dynamic,down,5,baseline,2,200,act_openai_gpt,act_kimi,1,1.0,1,J,J,10,7,10,7
exp3-BoS-down-baseline-seed2-rep0,BoS,continuation_dynamic,down,5,baseline,2,200,act_openai_gpt,act_kimi,2,0.9974874371859297,1,J,J,10,7,20,14
exp3-BoS-down-baseline-seed2-rep0,BoS,continuation_dynamic,down,5,baseline,2,200,act_openai_gpt,act_kimi,3,0.9949748743718593,1,J,J,10,7,30,21
exp3-BoS-down-baseline-seed2-rep0,BoS,continuation_dynamic,down,5,baseline,2,200,act_openai_gpt,act_kimi,4,0.992462311557789,1,J,J,10,7,40,28
exp3-BoS-down-baseline-seed2-rep0,BoS,continuation_dynamic,down,5,baseline,2,200,act_openai_gpt,act_kimi,5,0.9899497487437185,1,J,J,10,7,50,35
exp3-BoS-down-baseline-seed2-rep0,BoS,continuation_dynamic,down,5,baseline,2,200,act_openai_gpt,act_kimi,6,0.9874371859296482,1,J,J,10,7,60,42
exp3-BoS-down-baseline-seed2-rep0,BoS,continuation_dynamic,down,5,baseline,2,200,act_openai_gpt,act_kimi,7,0.9849246231155779,1,J,J,10,7,70,49
exp3-BoS-down-baseline-seed2-rep0,BoS,continuation_dynamic,down,5,baseline,2,200,act_openai_gpt,act_kimi,8,0.9824120603015075,1,J,J,10,7,80,56
exp3-BoS-down-baseline-seed2-rep0,BoS,continuation_dynamic,down,5,baseline,2,200,act_openai_gpt,act_kimi,9,0.9798994974874372,1,J,J,10,7,90,63
exp3-BoS-down-baseline-seed2-rep0,BoS,continuation_dynamic,down,5,baseline,2,200,act_openai_gpt,act_kimi,10,0.9773869346733668,1,J,J,10,7,100,70
exp3-BoS-down-baseline-seed2-rep0,BoS,continuation_dynamic,down,5,baseline,2,200,act_openai_gpt,act_kimi,11,0.9748743718592965,1,J,J,10,7,110,77
exp3-BoS-down-baseline-seed2-rep0,BoS,continuation_dynamic,down,5,baseline,2,200,act_openai_gpt,act_kimi,12,0.9723618090452262,1,J,J,10,7,120,84
exp3-BoS-down-baseline-seed2-rep0,BoS,continuation_dynamic,down,5,baseline,2,200,act_openai_gpt,act_kimi,13,0.9698492462311558,1,J,J,10,7,130,91
exp3-BoS-down-baseline-seed2-rep0,BoS,continuation_dynamic,down,5,baseline,2,200,act_openai_gpt,act_kimi,14,0.9673366834170855,1,J,J,10,7,140,98
exp3-BoS-down-baseline-seed2-rep0,BoS,continuation_dynamic,down,5,baseline,2,200,act_openai_gpt,act_kimi,15,0.964824120603015,1,J,J,10,7,150,105
exp3-BoS-down-baseline-seed2-rep0,BoS,continuation_dynamic,down,5,baseline,2,200,act_openai_gpt,act_kimi,16,0.9623115577889447,1,J,J,10,7,160,112
exp3-BoS-down-baseline-seed4-rep0,BoS,continuation_dynamic,down,5,baseline,4,200,act_openai_gpt,act_kimi,1,1.0,1,J,J,10,7,10,7
exp3-BoS-down-baseline-seed4-rep0,BoS,continuation_dynamic,down,5,baseline,4,200,act_openai_gpt,act_kimi,2,0.9974874371859297,1,J,J,10,7,20,14
exp3-BoS-down-baseline-seed4-rep0,BoS,continuation_dynamic,down,5,baseline,4,200,act_openai_gpt,act_kimi,3,0.9949748743718593,1,J,J,10,7,30,21
exp3-BoS-down-baseline-seed4-rep0,BoS,continuation_dynamic,down,5,baseline,4,200,act_openai_gpt,act_kimi,4,0.992462311557789,1,J,J,10,7,40,28
exp3-BoS-down-baseline-seed4-rep0,BoS,continuation_dynamic,down,5,baseline,4,200,act_openai_gpt,act_kimi,5,0.9899497487437185,1,J,J,10,7,50,35
exp3-BoS-down-baseline-seed4-rep0,BoS,continuation_dynamic,down,5,baseline,4,200,act_openai_gpt,act_kimi,6,0.9874371859296482,1,J,J,10,7,60,42
exp3-BoS-down-baseline-seed4-rep0,BoS,continuation_dynamic,down,5,baseline,4,200,act_openai_gpt,act_kimi,7,0.9849246231155779,1,J,J,10,7,70,49
exp3-BoS-down-baseline-seed4-rep0,BoS,continuation_dynamic,down,5,baseline,4,200,act_openai_gpt,act_kimi,8,0.9824120603015075,1,J,J,10,7,80,56
exp3-BoS-down-baseline-seed4-rep0,BoS,continuation_dynamic,down,5,baseline,4,200,act_openai_gpt,act_kimi,9,0.9798994974874372,1,J,J,10,7,90,63
exp3-BoS-down-baseline-seed4-rep0,BoS,continuation_dynamic,down,5,baseline,4,200,act_openai_gpt,act_kimi,10,0.9773869346733668,1,J,J,10,7,100,70
exp3-BoS-down-baseline-seed4-rep0,BoS,continuation_dynamic,down,5,baseline,4,200,act_openai_gpt,act_kimi,11,0.9748743718592965,1,J,J,10,7,110,77
exp3-BoS-down-baseline-seed4-rep0,BoS,continuation_dynamic,down,5,baseline,4,200,act_openai_gpt,act_kimi,12,0.9723618090452262,1,J,J,10,7,120,84
exp3-BoS-down-baseline-seed4-rep0,BoS,continuation_dynamic,down,5,baseline,4,200,act_openai_gpt,act_kimi,13,0.9698492462311558,1,J,J,10,7,130,91
exp3-BoS-down-baseline-seed4-rep0,BoS,continuation_dynamic,down,5,baseline,4,200,act_openai_gpt,act_kimi,14,0.9673366834170855,1,J,J,10,7,140,98
exp3-BoS-down-baseline-seed4-rep0,BoS,continuation_dynamic,down,5,baseline,4,200,act_openai_gpt,act_kimi,15,0.964824120603015,1,J,J,10,7,150,105
exp3-BoS-down-baseline-seed4-rep0,BoS,continuation_dynamic,down,5,baseline,4,200,act_openai_gpt,act_kimi,16,0.9623115577889447,1,J,J,10,7,160,112
exp3-BoS-down-baseline-seed4-rep0,BoS,continuation_dynamic,down,5,baseline,4,200,act_openai_gpt,act_kimi,17,0.9597989949748744,1,J,J,10,7,170,119
exp3-BoS-down-baseline-seed4-rep0,BoS,continuation_dynamic,down,5,baseline,4,200,act_openai_gpt,act_kimi,18,0.957286432160804,1,J,J,10,7,180,126
exp3-BoS-down-baseline-seed4-rep0,BoS,continuation_dynamic,down,5,baseline,4,200,act_openai_gpt,act_kimi,19,0.9547738693467337,1,J,J,10,7,190,133
exp3-BoS-down-baseline-seed4-rep0,BoS,continuation_dynamic,down,5,baseline,4,200,act_openai_gpt,act_kimi,20,0.9522613065326633,1,J,J,10,7,200,140
exp3-BoS-down-baseline-seed4-rep0,BoS,continuation_dynamic,down,5,baseline,4,200,act_openai_gpt,act_kimi,21,0.949748743718593,1,J,J,10,7,210,147
exp3-BoS-down-baseline-seed4-rep0,BoS,continuation_dynamic,down,5,baseline,4,200,act_openai_gpt,act_kimi,22,0.9472361809045227,1,J,J,10,7,220,154
exp3-BoS-down-baseline-seed4-rep0,BoS,continuation_dynamic,down,5,baseline,4,200,act_openai_gpt,act_kimi,23,0.9447236180904522,1,J,J,10,7,230,161
exp3-BoS-down-baseline-seed4-rep0,BoS,continuation_dynamic,down,5,baseline,4,200,act_openai_gpt,act_kimi,24,0.9422110552763819,1,J,J,10,7,240,168
exp3-BoS-down-baseline-seed4-rep0,BoS,continuation_dynamic,down,5,baseline,4,200,act_openai_gpt,act_kimi,25,0.9396984924623115,1,J,J,10,7,250,175
exp3-BoS-down-baseline-seed4-rep0,BoS,continuation_dynamic,down,5,baseline,4,200,act_openai_gpt,act_kimi,26,0.9371859296482412,1,J,J,10,7,260,182
exp3-BoS-down-baseline-seed4-rep0,BoS,continuation_dynamic,down,5,baseline,4,200,act_openai_gpt,act_kimi,27,0.9346733668341709,1,J,J,10,7,270,189
exp3-BoS-down-baseline-seed4-rep0,BoS,continuation_dynamic,down,5,baseline,4,200,act_openai_gpt,act_kimi,28,0.9321608040201005,1,J,J,10,7,280,196
exp3-BoS-down-baseline-seed4-rep0,BoS,continuation_dynamic,down,5,baseline,4,200,act_openai_gpt,act_kimi,29,0.9296482412060302,1,J,J,10,7,290,203
exp3-BoS-down-baseline-seed4-rep0,BoS,continuation_dynamic,down,5,baseline,4,200,act_openai_gpt,act_kimi,30,0.9271356783919598,1,J,J,10,7,300,210
exp3-BoS-down-baseline-seed4-rep0,BoS,continuation_dynamic,down,5,baseline,4,200,act_openai_gpt,act_kimi,31,0.9246231155778895,1,J,J,10,7,310,217
exp3-BoS-down-baseline-seed4-rep0,BoS,continuation_dynamic,down,5,baseline,4,200,act_openai_gpt,act_kimi,32,0.9221105527638191,1,J,J,10,7,320,224
exp3-BoS-down-baseline-seed4-rep0,BoS,continuation_dynamic,down,5,baseline,4,200,act_openai_gpt,act_kimi,33,0.9195979899497487,1,J,J,10,7,330,231
exp3-BoS-down-baseline-seed6-rep0,BoS,continuation_dynamic,down,5,baseline,6,200,act_openai_gpt,act_kimi,1,1.0,1,J,J,10,7,10,7
exp3-BoS-down-baseline-seed6-rep0,BoS,continuation_dynamic,down,5,baseline,6,200,act_openai_gpt,act_kimi,2,0.9974874371859297,1,J,J,10,7,20,14
exp3-BoS-down-baseline-seed6-rep0,BoS,continuation_dynamic,down,5,baseline,6,200,act_openai_gpt,act_kimi,3,0.9949748743718593,1,J,J,10,7,30,21
exp3-BoS-down-baseline-seed6-rep0,BoS,continuation_dynamic,down,5,baseline,6,200,act_openai_gpt,act_kimi,4,0.992462311557789,1,J,J,10,7,40,28
exp3-BoS-down-baseline-seed6-rep0,BoS,continuation_dynamic,down,5,baseline,6,200,act_openai_gpt,act_kimi,5,0.9899497487437185,1,J,J,10,7,50,35
exp3-BoS-down-baseline-seed6-rep0,BoS,continuation_dynamic,down,5,baseline,6,200,act_openai_gpt,act_kimi,6,0.9874371859296482,1,J,J,10,7,60,42
exp3-BoS-down-baseline-seed6-rep0,BoS,continuation_dynamic,down,5,baseline,6,200,act_openai_gpt,act_kimi,7,0.9849246231155779,1,J,J,10,7,70,49
exp3-BoS-down-baseline-seed6-rep0,BoS,continuation_dynamic,down,5,baseline,6,200,act_openai_gpt,act_kimi,8,0.9824120603015075,1,J,J,10,7,80,56
exp3-BoS-down-baseline-seed6-rep0,BoS,continuation_dynamic,down,5,baseline,6,200,act_openai_gpt,act_kimi,9,0.9798994974874372,1,J,J,10,7,90,63
exp3-BoS-down-baseline-seed6-rep0,BoS,continuation_dynamic,down,5,baseline,6,200,act_openai_gpt,act_kimi,10,0.9773869346733668,1,J,J,10,7,100,70
exp3-BoS-down-baseline-seed6-rep0,BoS,continuation_dynamic,down,5,baseline,6,200,act_openai_gpt,act_kimi,11,0.9748743718592965,1,J,J,10,7,110,77
exp3-BoS-down-baseline-seed6-rep0,BoS,continuation_dynamic,down,5,baseline,6,200,act_openai_gpt,act_kimi,12,0.9723618090452262,1,J,J,10,7,120,84
exp3-BoS-down-baseline-seed6-rep0,BoS,continuation_dynamic,down,5,baseline,6,200,act_openai_gpt,act_kimi,13,0.9698492462311558,1,J,J,10,7,130,91
exp3-BoS-down-baseline-seed6-rep0,BoS,continuation_dynamic,down,5,baseline,6,200,act_openai_gpt,act_kimi,14,0.9673366834170855,1,J,J,10,7,140,98
exp3-BoS-down-baseline-seed6-rep0,BoS,continuation_dynamic,down,5,baseline,6,200,act_openai_gpt,act_kimi,15,0.964824120603015,1,J,J,10,7,150,105
exp3-BoS-down-baseline-seed6-rep0,BoS,continuation_dynamic,down,5,baseline,6,200,act_openai_gpt,act_kimi,16,0.9623115577889447,1,J,J,10,7,160,112
exp3-BoS-down-baseline-seed6-rep0,BoS,continuation_dynamic,down,5,baseline,6,200,act_openai_gpt,act_kimi,17,0.9597989949748744,1,J,J,10,7,170,119
exp3-BoS-down-baseline-seed6-rep0,BoS,continuation_dynamic,down,5,baseline,6,200,act_openai_gpt,act_kimi,18,0.957286432160804,1,J,J,10,7,180,126
exp3-BoS-down-baseline-seed6-rep0,BoS,continuation_dynamic,down,5,baseline,6,200,act_openai_gpt,act_kimi,19,0.9547738693467337,1,J,J,10,7,190,133
exp3-BoS-down-baseline-seed6-rep0,BoS,continuation_dynamic,down,5,baseline,6,200,act_openai_gpt,act_kimi,20,0.9522613065326633,1,J,J,10,7,200,140
exp3-BoS-down-baseline-seed6-rep0,BoS,continuation_dynamic,down,5,baseline,6,200,act_openai_gpt,act_kimi,21,0.949748743718593,1,J,J,10,7,210,147
exp3-BoS-down-baseline-seed6-rep0,BoS,continuation_dynamic,down,5,baseline,6,200,act_openai_gpt,act_kimi,22,0.9472361809045227,1,J,J,10,7,220,154
exp3-BoS-down-baseline-seed6-rep0,BoS,continuation_dynamic,down,5,baseline,6,200,act_openai_gpt,act_kimi,23,0.9447236180904522,1,J,J,10,7,230,161
exp3-BoS-down-baseline-seed6-rep0,BoS,continuation_dynamic,down,5,baseline,6,200,act_openai_gpt,act_kimi,24,0.9422110552763819,1,J,J,10,7,240,168
exp3-BoS-down-baseline-seed6-rep0,BoS,continuation_dynamic,down,5,baseline,6,200,act_openai_gpt,act_kimi,25,0.9396984924623115,1,J,J,10,7,250,175
exp3-BoS-down-baseline-seed6-rep0,BoS,continuation_dynamic,down,5,baseline,6,200,act_openai_gpt,act_kimi,26,0.9371859296482412,1,J,J,10,7,260,182
exp3-BoS-down-baseline-seed6-rep0,BoS,continuation_dynamic,down,5,baseline,6,200,act_openai_gpt,act_kimi,27,0.9346733668341709,1,J,J,10,7,270,189
exp3-BoS-down-baseline-seed6-rep0,BoS,continuation_dynamic,down,5,baseline,6,200,act_openai_gpt,act_kimi,28,0.9321608040201005,1,J,J,10,7,280,196
exp3-BoS-down-baseline-seed6-rep0,BoS,continuation_dynamic,down,5,baseline,6,200,act_openai_gpt,act_kimi,29,0.9296482412060302,1,J,J,10,7,290,203
exp3-BoS-down-baseline-seed6-rep0,BoS,continuation_dynamic,down,5,baseline,6,200,act_openai_gpt,act_kimi,30,0.9271356783919598,1,J,J,10,7,300,210
exp3-BoS-down-baseline-seed6-rep0,BoS,continuation_dynamic,down,5,baseline,6,200,act_openai_gpt,act_kimi,31,0.9246231155778895,1,J,J,10,7,310,217
exp3-BoS-down-baseline-seed6-rep0,BoS,continuation_dynamic,down,5,baseline,6,200,act_openai_gpt,act_kimi,32,0.9221105527638191,1,J,J,10,7,320,224
exp3-BoS-down-baseline-seed6-rep0,BoS,continuation_dynamic,down,5,baseline,6,200,act_openai_gpt,act_kimi,33,0.9195979899497487,1,J,J,10,7,330,231
exp3-BoS-down-baseline-seed8-rep0,BoS,continuation_dynamic,down,5,baseline,8,200,act_openai_gpt,act_kimi,1,1.0,1,J,J,10,7,10,7
exp3-BoS-down-baseline-seed8-rep0,BoS,continuation_dynamic,down,5,baseline,8,200,act_openai_gpt,act_kimi,2,0.9974874371859297,1,J,J,10,7,20,14
exp3-BoS-down-baseline-seed8-rep0,BoS,continuation_dynamic,down,5,baseline,8,200,act_openai_gpt,act_kimi,3,0.9949748743718593,1,J,J,10,7,30,21
exp3-BoS-down-baseline-seed8-rep0,BoS,continuation_dynamic,down,5,baseline,8,200,act_openai_gpt,act_kimi,4,0.992462311557789,1,J,J,10,7,40,28
exp3-BoS-down-baseline-seed8-rep0,BoS,continuation_dynamic,down,5,baseline,8,200,act_openai_gpt,act_kimi,5,0.9899497487437185,1,J,J,10,7,50,35
exp3-BoS-down-baseline-seed8-rep0,BoS,continuation_dynamic,down,5,baseline,8,200,act_openai_gpt,act_kimi,6,0.9874371859296482,1,J,J,10,7,60,42
exp3-BoS-down-baseline-seed8-rep0,BoS,continuation_dynamic,down,5,baseline,8,200,act_openai_gpt,act_kimi,7,0.9849246231155779,1,J,J,10,7,70,49
exp3-BoS-down-cot-seed0-rep0,BoS,continuation_dynamic,down,5,cot,0,200,act_openai_gpt,act_kimi,1,1.0,1,F,F,7,10,7,10
exp3-BoS-down-cot-seed0-rep0,BoS,continuation_dynamic,down,5,cot,0,200,act_openai_gpt,act_kimi,2,0.9974874371859297,1,J,J,10,7,17,17
exp3-BoS-down-cot-seed0-rep0,BoS,continuation_dynamic,down,5,cot,0,200,act_openai_gpt,act_kimi,3,0.9949748743718593,1,J,F,0,0,17,17
exp3-BoS-down-cot-seed0-rep0,BoS,continuation_dynamic,down,5,cot,0,200,act_openai_gpt,act_kimi,4,0.992462311557789,1,F,F,7,10,24,27
exp3-BoS-down-cot-seed0-rep0,BoS,continuation_dynamic,down,5,cot,0,200,act_openai_gpt,act_kimi,5,0.9899497487437185,1,F,J,0,0,24,27
exp3-BoS-down-cot-seed0-rep0,BoS,continuation_dynamic,down,5,cot,0,200,act_openai_gpt,act_kimi,6,0.9874371859296482,1,F,J,0,0,24,27
exp3-BoS-down-cot-seed0-rep0,BoS,continuation_dynamic,down,5,cot,0,200,act_openai_gpt,act_kimi,7,0.9849246231155779,1,F,J,0,0,24,27
exp3-BoS-down-cot-seed0-rep0,BoS,continuation_dynamic,down,5,cot,0,200,act_openai_gpt,act_kimi,8,0.9824120603015075,1,F,J,0,0,24,27
exp3-BoS-down-cot-seed0-rep0,BoS,continuation_dynamic,down,5,cot,0,200,act_openai_gpt,act_kimi,9,0.9798994974874372,1,F,F,7,10,31,37
exp3-BoS-down-cot-seed0-rep0,BoS,continuation_dynamic,down,5,cot,0,200,act_openai_gpt,act_kimi,10,0.9773869346733668,1,F,F,7,10,38,47
exp3-BoS-down-cot-seed0-rep0,BoS,continuation_dynamic,down,5,cot,0,200,act_openai_gpt,act_kimi,11,0.9748743718592965,1,J,F,0,0,38,47
exp3-BoS-down-cot-seed0-rep0,BoS,continuation_dynamic,down,5,cot,0,200,act_openai_gpt,act_kimi,12,0.9723618090452262,1,J,F,0,0,38,47
exp3-BoS-down-cot-seed0-rep0,BoS,continuation_dynamic,down,5,cot,0,200,act_openai_gpt,act_kimi,13,0.9698492462311558,1,F,F,7,10,45,57
exp3-BoS-down-cot-seed0-rep0,BoS,continuation_dynamic,down,5,cot,0,200,act_openai_gpt,act_kimi,14,0.9673366834170855,1,F,F,7,10,52,67
exp3-BoS-down-cot-seed0-rep0,BoS,continuation_dynamic,down,5,cot,0,200,act_openai_gpt,act_kimi,15,0.964824120603015,1,F,F,7,10,59,77
exp3-BoS-down-cot-seed0-rep0,BoS,continuation_dynamic,down,5,cot,0,200,act_openai_gpt,act_kimi,16,0.9623115577889447,1,F,F,7,10,66,87
exp3-BoS-down-cot-seed0-rep0,BoS,continuation_dynamic,down,5,cot,0,200,act_openai_gpt,act_kimi,17,0.9597989949748744,1,F,F,7,10,73,97
exp3-BoS-down-cot-seed0-rep0,BoS,continuation_dynamic,down,5,cot,0,200,act_openai_gpt,act_kimi,18,0.957286432160804,1,F,F,7,10,80,107
exp3-BoS-down-cot-seed2-rep0,BoS,continuation_dynamic,down,5,cot,2,200,act_openai_gpt,act_kimi,1,1.0,1,J,F,0,0,0,0
exp3-BoS-down-cot-seed2-rep0,BoS,continuation_dynamic,down,5,cot,2,200,act_openai_gpt,act_kimi,2,0.9974874371859297,1,F,J,0,0,0,0
exp3-BoS-down-cot-seed2-rep0,BoS,continuation_dynamic,down,5,cot,2,200,act_openai_gpt,act_kimi,3,0.9949748743718593,1,F,J,0,0,0,0
exp3-BoS-down-cot-seed2-rep0,BoS,continuation_dynamic,down,5,cot,2,200,act_openai_gpt,act_kimi,4,0.992462311557789,1,J,F,0,0,0,0
exp3-BoS-down-cot-seed2-rep0,BoS,continuation_dynamic,down,5,cot,2,200,act_openai_gpt,act_kimi,5,0.9899497487437185,1,F,F,7,10,7,10
exp3-BoS-down-cot-seed2-rep0,BoS,continuation_dynamic,down,5,cot,2,200,act_openai_gpt,act_kimi,6,0.9874371859296482,1,F,F,7,10,14,20
exp3-BoS-down-cot-seed2-rep0,BoS,continuation_dynamic,down,5,cot,2,200,act_openai_gpt,act_kimi,7,0.9849246231155779,1,J,F,0,0,14,20
exp3-BoS-down-cot-seed2-rep0,BoS,continuation_dynamic,down,5,cot,2,200,act_openai_gpt,act_kimi,8,0.9824120603015075,1,F,F,7,10,21,30
exp3-BoS-down-cot-seed2-rep0,BoS,continuation_dynamic,down,5,cot,2,200,act_openai_gpt,act_kimi,9,0.9798994974874372,1,J,F,0,0,21,30
exp3-BoS-down-cot-seed2-rep0,BoS,continuation_dynamic,down,5,cot,2,200,act_openai_gpt,act_kimi,10,0.9773869346733668,1,F,F,7,10,28,40
exp3-BoS-down-cot-seed2-rep0,BoS,continuation_dynamic,down,5,cot,2,200,act_openai_gpt,act_kimi,11,0.9748743718592965,1,F,F,7,10,35,50
exp3-BoS-down-cot-seed2-rep0,BoS,continuation_dynamic,down,5,cot,2,200,act_openai_gpt,act_kimi,12,0.9723618090452262,1,F,F,7,10,42,60
exp3-BoS-down-cot-seed2-rep0,BoS,continuation_dynamic,down,5,cot,2,200,act_openai_gpt,act_kimi,13,0.9698492462311558,1,J,F,0,0,42,60
exp3-BoS-down-cot-seed2-rep0,BoS,continuation_dynamic,down,5,cot,2,200,act_openai_gpt,act_kimi,14,0.9673366834170855,1,J,F,0,0,42,60
exp3-BoS-down-cot-seed2-rep0,BoS,continuation_dynamic,down,5,cot,2,200,act_openai_gpt,act_kimi,15,0.964824120603015,1,J,F,0,0,42,60
exp3-BoS-down-cot-seed2-rep0,BoS,continuation_dynamic,down,5,cot,2,200,act_openai_gpt,act_kimi,16,0.9623115577889447,1,F,F,7,10,49,70
exp3-BoS-down-cot-seed4-rep0,BoS,continuation_dynamic,down,5,cot,4,200,act_openai_gpt,act_kimi,1,1.0,1,F,F,7,10,7,10
exp3-BoS-down-cot-seed4-rep0,BoS,continuation_dynamic,down,5,cot,4,200,act_openai_gpt,act_kimi,2,0.9974874371859297,1,J,J,10,7,17,17
exp3-BoS-down-cot-seed4-rep0,BoS,continuation_dynamic,down,5,cot,4,200,act_openai_gpt,act_kimi,3,0.9949748743718593,1,F,F,7,10,24,27
exp3-BoS-down-cot-seed4-rep0,BoS,continuation_dynamic,down,5,cot,4,200,act_openai_gpt,act_kimi,4,0.992462311557789,1,J,J,10,7,34,34
exp3-BoS-down-cot-seed4-rep0,BoS,continuation_dynamic,down,5,cot,4,200,act_openai_gpt,act_kimi,5,0.9899497487437185,1,F,F,7,10,41,44
exp3-BoS-down-cot-seed4-rep0,BoS,continuation_dynamic,down,5,cot,4,200,act_openai_gpt,act_kimi,6,0.9874371859296482,1,F,J,0,0,41,44
exp3-BoS-down-cot-seed4-rep0,BoS,continuation_dynamic,down,5,cot,4,200,act_openai_gpt,act_kimi,7,0.9849246231155779,1,J,J,10,7,51,51
exp3-BoS-down-cot-seed4-rep0,BoS,continuation_dynamic,down,5,cot,4,200,act_openai_gpt,act_kimi,8,0.9824120603015075,1,J,F,0,0,51,51
exp3-BoS-down-cot-seed4-rep0,BoS,continuation_dynamic,down,5,cot,4,200,act_openai_gpt,act_kimi,9,0.9798994974874372,1,F,F,7,10,58,61
exp3-BoS-down-cot-seed4-rep0,BoS,continuation_dynamic,down,5,cot,4,200,act_openai_gpt,act_kimi,10,0.9773869346733668,1,F,F,7,10,65,71
exp3-BoS-down-cot-seed4-rep0,BoS,continuation_dynamic,down,5,cot,4,200,act_openai_gpt,act_kimi,11,0.9748743718592965,1,F,F,7,10,72,81
exp3-BoS-down-cot-seed4-rep0,BoS,continuation_dynamic,down,5,cot,4,200,act_openai_gpt,act_kimi,12,0.9723618090452262,1,F,F,7,10,79,91
exp3-BoS-down-cot-seed4-rep0,BoS,continuation_dynamic,down,5,cot,4,200,act_openai_gpt,act_kimi,13,0.9698492462311558,1,F,F,7,10,86,101
exp3-BoS-down-cot-seed4-rep0,BoS,continuation_dynamic,down,5,cot,4,200,act_openai_gpt,act_kimi,14,0.9673366834170855,1,F,F,7,10,93,111
exp3-BoS-down-cot-seed4-rep0,BoS,continuation_dynamic,down,5,cot,4,200,act_openai_gpt,act_kimi,15,0.964824120603015,1,F,F,7,10,100,121
exp3-BoS-down-cot-seed4-rep0,BoS,continuation_dynamic,down,5,cot,4,200,act_openai_gpt,act_kimi,16,0.9623115577889447,1,F,F,7,10,107,131
exp3-BoS-down-cot-seed4-rep0,BoS,continuation_dynamic,down,5,cot,4,200,act_openai_gpt,act_kimi,17,0.9597989949748744,1,J,F,0,0,107,131
exp3-BoS-down-cot-seed4-rep0,BoS,continuation_dynamic,down,5,cot,4,200,act_openai_gpt,act_kimi,18,0.957286432160804,1,F,F,7,10,114,141
exp3-BoS-down-cot-seed4-rep0,BoS,continuation_dynamic,down,5,cot,4,200,act_openai_gpt,act_kimi,19,0.9547738693467337,1,F,F,7,10,121,151
exp3-BoS-down-cot-seed4-rep0,BoS,continuation_dynamic,down,5,cot,4,200,act_openai_gpt,act_kimi,20,0.9522613065326633,1,F,F,7,10,128,161
exp3-BoS-down-cot-seed4-rep0,BoS,continuation_dynamic,down,5,cot,4,200,act_openai_gpt,act_kimi,21,0.949748743718593,1,J,F,0,0,128,161
exp3-BoS-down-cot-seed4-rep0,BoS,continuation_dynamic,down,5,cot,4,200,act_openai_gpt,act_kimi,22,0.9472361809045227,1,F,F,7,10,135,171
exp3-BoS-down-cot-seed4-rep0,BoS,continuation_dynamic,down,5,cot,4,200,act_openai_gpt,act_kimi,23,0.9447236180904522,1,F,F,7,10,142,181
exp3-BoS-down-cot-seed4-rep0,BoS,continuation_dynamic,down,5,cot,4,200,act_openai_gpt,act_kimi,24,0.9422110552763819,1,F,F,7,10,149,191
exp3-BoS-down-cot-seed4-rep0,BoS,continuation_dynamic,down,5,cot,4,200,act_openai_gpt,act_kimi,25,0.9396984924623115,1,J,F,0,0,149,191
exp3-BoS-down-cot-seed4-rep0,BoS,continuation_dynamic,down,5,cot,4,200,act_openai_gpt,act_kimi,26,0.9371859296482412,1,F,F,7,10,156,201
exp3-BoS-down-cot-seed4-rep0,BoS,continuation_dynamic,down,5,cot,4,200,act_openai_gpt,act_kimi,27,0.9346733668341709,1,J,F,0,0,156,201
exp3-BoS-down-cot-seed4-rep0,BoS,continuation_dynamic,down,5,cot,4,200,act_openai_gpt,act_kimi,28,0.9321608040201005,1,J,F,0,0,156,201
exp3-BoS-down-cot-seed4-rep0,BoS,continuation_dynamic,down,5,cot,4,200,act_openai_gpt,act_kimi,29,0.9296482412060302,1,J,F,0,0,156,201
exp3-BoS-down-cot-seed4-rep0,BoS,continuation_dynamic,down,5,cot,4,200,act_openai_gpt,act_kimi,30,0.9271356783919598,1,F,F,7,10,163,211
exp3-BoS-down-cot-seed4-rep0,BoS,continuation_dynamic,down,5,cot,4,200,act_openai_gpt,act_kimi,31,0.9246231155778895,1,F,F,7,10,170,221
exp3-BoS-down-cot-seed4-rep0,BoS,continuation_dynamic,down,5,cot,4,200,act_openai_gpt,act_kimi,32,0.9221105527638191,1,F,F,7,10,177,231
exp3-BoS-down-cot-seed4-rep0,BoS,continuation_dynamic,down,5,cot,4,200,act_openai_gpt,act_kimi,33,0.9195979899497487,1,F,F,7,10,184,241
exp3-BoS-down-cot-seed6-rep0,BoS,continuation_dynamic,down,5,cot,6,200,act_openai_gpt,act_kimi,1,1.0,1,J,F,0,0,0,0
exp3-BoS-down-cot-seed6-rep0,BoS,continuation_dynamic,down,5,cot,6,200,act_openai_gpt,act_kimi,2,0.9974874371859297,1,F,J,0,0,0,0
exp3-BoS-down-cot-seed6-rep0,BoS,continuation_dynamic,down,5,cot,6,200,act_openai_gpt,act_kimi,3,0.9949748743718593,1,F,J,0,0,0,0
exp3-BoS-down-cot-seed6-rep0,BoS,continuation_dynamic,down,5,cot,6,200,act_openai_gpt,act_kimi,4,0.992462311557789,1,F,F,7,10,7,10
exp3-BoS-down-cot-seed6-rep0,BoS,continuation_dynamic,down,5,cot,6,200,act_openai_gpt,act_kimi,5,0.9899497487437185,1,J,F,0,0,7,10
exp3-BoS-down-cot-seed6-rep0,BoS,continuation_dynamic,down,5,cot,6,200,act_openai_gpt,act_kimi,6,0.9874371859296482,1,J,F,0,0,7,10
exp3-BoS-down-cot-seed6-rep0,BoS,continuation_dynamic,down,5,cot,6,200,act_openai_gpt,act_kimi,7,0.9849246231155779,1,F,F,7,10,14,20
exp3-BoS-down-cot-seed6-rep0,BoS,continuation_dynamic,down,5,cot,6,200,act_openai_gpt,act_kimi,8,0.9824120603015075,1,F,J,0,0,14,20
exp3-BoS-down-cot-seed6-rep0,BoS,continuation_dynamic,down,5,cot,6,200,act_openai_gpt,act_kimi,9,0.9798994974874372,1,J,F,0,0,14,20
exp3-BoS-down-cot-seed6-rep0,BoS,continuation_dynamic,down,5,cot,6,200,act_openai_gpt,act_kimi,10,0.9773869346733668,1,J,F,0,0,14,20
exp3-BoS-down-cot-seed6-rep0,BoS,continuation_dynamic,down,5,cot,6,200,act_openai_gpt,act_kimi,11,0.9748743718592965,1,F,F,7,10,21,30
exp3-BoS-down-cot-seed6-rep0,BoS,continuation_dynamic,down,5,cot,6,200,act_openai_gpt,act_kimi,12,0.9723618090452262,1,J,F,0,0,21,30
exp3-BoS-down-cot-seed6-rep0,BoS,continuation_dynamic,down,5,cot,6,200,act_openai_gpt,act_kimi,13,0.9698492462311558,1,J,F,0,0,21,30
exp3-BoS-down-cot-seed6-rep0,BoS,continuation_dynamic,down,5,cot,6,200,act_openai_gpt,act_kimi,14,0.9673366834170855,1,J,F,0,0,21,30
exp3-BoS-down-cot-seed6-rep0,BoS,continuation_dynamic,down,5,cot,6,200,act_openai_gpt,act_kimi,15,0.964824120603015,1,J,F,0,0,21,30
exp3-BoS-down-cot-seed6-rep0,BoS,continuation_dynamic,down,5,cot,6,200,act_openai_gpt,act_kimi,16,0.9623115577889447,1,F,F,7,10,28,40
exp3-BoS-down-cot-seed6-rep0,BoS,continuation_dynamic,down,5,cot,6,200,act_openai_gpt,act_kimi,17,0.9597989949748744,1,F,F,7,10,35,50
exp3-BoS-down-cot-seed6-rep0,BoS,continuation_dynamic,down,5,cot,6,200,act_openai_gpt,act_kimi,18,0.957286432160804,1,F,F,7,10,42,60
exp3-BoS-down-cot-seed6-rep0,BoS,continuation_dynamic,down,5,cot,6,200,act_openai_gpt,act_kimi,19,0.9547738693467337,1,J,F,0,0,42,60
exp3-BoS-down-cot-seed6-rep0,BoS,continuation_dynamic,down,5,cot,6,200,act_openai_gpt,act_kimi,20,0.9522613065326633,1,J,F,0,0,42,60
exp3-BoS-down-cot-seed6-rep0,BoS,continuation_dynamic,down,5,cot,6,200,act_openai_gpt,act_kimi,21,0.949748743718593,1,F,F,7,10,49,70
exp3-BoS-down-cot-seed6-rep0,BoS,continuation_dynamic,down,5,cot,6,200,act_openai_gpt,act_kimi,22,0.9472361809045227,1,J,F,0,0,49,70
exp3-BoS-down-cot-seed6-rep0,BoS,continuation_dynamic,down,5,cot,6,200,act_openai_gpt,act_kimi,23,0.9447236180904522,1,J,F,0,0,49,70
exp3-BoS-down-cot-seed6-rep0,BoS,continuation_dynamic,down,5,cot,6,200,act_openai_gpt,act_kimi,24,0.9422110552763819,1,F,J,0,0,49,70
exp3-BoS-down-cot-seed6-rep0,BoS,continuation_dynamic,down,5,cot,6,200,act_openai_gpt,act_kimi,25,0.9396984924623115,1,J,F,0,0,49,70
exp3-BoS-down-cot-seed6-rep0,BoS,continuation_dynamic,down,5,cot,6,200,act_openai_gpt,act_kimi,26,0.9371859296482412,1,J,F,0,0,49,70
exp3-BoS-down-cot-seed6-rep0,BoS,continuation_dynamic,down,5,cot,6,200,act_openai_gpt,act_kimi,27,0.9346733668341709,1,F,F,7,10,56,80
exp3-BoS-down-cot-seed6-rep0,BoS,continuation_dynamic,down,5,cot,6,200,act_openai_gpt,act_kimi,28,0.9321608040201005,1,J,F,0,0,56,80
exp3-BoS-down-cot-seed6-rep0,BoS,continuation_dynamic,down,5,cot,6,200,act_openai_gpt,act_kimi,29,0.9296482412060302,1,F,J,0,0,56,80
exp3-BoS-down-cot-seed6-rep0,BoS,continuation_dynamic,down,5,cot,6,200,act_openai_gpt,act_kimi,30,0.9271356783919598,1,J,J,10,7,66,87
exp3-BoS-down-cot-seed6-rep0,BoS,continuation_dynamic,down,5,cot,6,200,act_openai_gpt,act_kimi,31,0.9246231155778895,1,F,F,7,10,73,97
exp3-BoS-down-cot-seed6-rep0,BoS,continuation_dynamic,down,5,cot,6,200,act_openai_gpt,act_kimi,32,0.9221105527638191,1,F,F,7,10,80,107
exp3-BoS-down-cot-seed6-rep0,BoS,continuation_dynamic,down,5,cot,6,200,act_openai_gpt,act_kimi,33,0.9195979899497487,1,F,F,7,10,87,117
exp3-BoS-down-cot-seed8-rep0,BoS,continuation_dynamic,down,5,cot,8,200,act_openai_gpt,act_kimi,1,1.0,1,J,F,0,0,0,0
exp3-BoS-down-cot-seed8-rep0,BoS,continuation_dynamic,down,5,cot,8,200,act_openai_gpt,act_kimi,2,0.9974874371859297,1,F,J,0,0,0,0
exp3-BoS-down-cot-seed8-rep0,BoS,continuation_dynamic,down,5,cot,8,200,act_openai_gpt,act_kimi,3,0.9949748743718593,1,F,F,7,10,7,10
exp3-BoS-down-cot-seed8-rep0,BoS,continuation_dynamic,down,5,cot,8,200,act_openai_gpt,act_kimi,4,0.992462311557789,1,J,J,10,7,17,17
exp3-BoS-down-cot-seed8-rep0,BoS,continuation_dynamic,down,5,cot,8,200,act_openai_gpt,act_kimi,5,0.9899497487437185,1,J,F,0,0,17,17
exp3-BoS-down-cot-seed8-rep0,BoS,continuation_dynamic,down,5,cot,8,200,act_openai_gpt,act_kimi,6,0.9874371859296482,1,J,J,10,7,27,24
exp3-BoS-down-cot-seed8-rep0,BoS,continuation_dynamic,down,5,cot,8,200,act_openai_gpt,act_kimi,7,0.9849246231155779,1,F,J,0,0,27,24
exp3-BoS-down-scot-seed0-rep0,BoS,continuation_dynamic,down,5,scot,0,200,act_openai_gpt,act_kimi,1,1.0,1,J,F,0,0,0,0
exp3-BoS-down-scot-seed0-rep0,BoS,continuation_dynamic,down,5,scot,0,200,act_openai_gpt,act_kimi,2,0.9974874371859297,1,F,F,7,10,7,10
exp3-BoS-down-scot-seed0-rep0,BoS,continuation_dynamic,down,5,scot,0,200,act_openai_gpt,act_kimi,3,0.9949748743718593,1,F,F,7,10,14,20
exp3-BoS-down-scot-seed0-rep0,BoS,continuation_dynamic,down,5,scot,0,200,act_openai_gpt,act_kimi,4,0.992462311557789,1,F,F,7,10,21,30
exp3-BoS-down-scot-seed0-rep0,BoS,continuation_dynamic,down,5,scot,0,200,act_openai_gpt,act_kimi,5,0.9899497487437185,1,F,F,7,10,28,40
exp3-BoS-down-scot-seed0-rep0,BoS,continuation_dynamic,down,5,scot,0,200,act_openai_gpt,act_kimi,6,0.9874371859296482,1,F,F,7,10,35,50
exp3-BoS-down-scot-seed0-rep0,BoS,continuation_dynamic,down,5,scot,0,200,act_openai_gpt,act_kimi,7,0.9849246231155779,1,F,F,7,10,42,60
exp3-BoS-down-scot-seed0-rep0,BoS,continuation_dynamic,down,5,scot,0,200,act_openai_gpt,act_kimi,8,0.9824120603015075,1,F,F,7,10,49,70
exp3-BoS-down-scot-seed0-rep0,BoS,continuation_dynamic,down,5,scot,0,200,act_openai_gpt,act_kimi,9,0.9798994974874372,1,F,F,7,10,56,80
exp3-BoS-down-scot-seed0-rep0,BoS,continuation_dynamic,down,5,scot,0,200,act_openai_gpt,act_kimi,10,0.9773869346733668,1,F,F,7,10,63,90
exp3-BoS-down-scot-seed0-rep0,BoS,continuation_dynamic,down,5,scot,0,200,act_openai_gpt,act_kimi,11,0.9748743718592965,1,F,F,7,10,70,100
exp3-BoS-down-scot-seed0-rep0,BoS,continuation_dynamic,down,5,scot,0,200,act_openai_gpt,act_kimi,12,0.9723618090452262,1,F,F,7,10,77,110
exp3-BoS-down-scot-seed0-rep0,BoS,continuation_dynamic,down,5,scot,0,200,act_openai_gpt,act_kimi,13,0.9698492462311558,1,F,F,7,10,84,120
exp3-BoS-down-scot-seed0-rep0,BoS,continuation_dynamic,down,5,scot,0,200,act_openai_gpt,act_kimi,14,0.9673366834170855,1,F,F,7,10,91,130
exp3-BoS-down-scot-seed0-rep0,BoS,continuation_dynamic,down,5,scot,0,200,act_openai_gpt,act_kimi,15,0.964824120603015,1,F,F,7,10,98,140
exp3-BoS-down-scot-seed0-rep0,BoS,continuation_dynamic,down,5,scot,0,200,act_openai_gpt,act_kimi,16,0.9623115577889447,1,F,F,7,10,105,150
exp3-BoS-down-scot-seed0-rep0,BoS,continuation_dynamic,down,5,scot,0,200,act_openai_gpt,act_kimi,17,0.9597989949748744,1,F,F,7,10,112,160
exp3-BoS-down-scot-seed0-rep0,BoS,continuation_dynamic,down,5,scot,0,200,act_openai_gpt,act_kimi,18,0.957286432160804,1,F,F,7,10,119,170
exp3-BoS-down-scot-seed2-rep0,BoS,continuation_dynamic,down,5,scot,2,200,act_openai_gpt,act_kimi,1,1.0,1,J,F,0,0,0,0
exp3-BoS-down-scot-seed2-rep0,BoS,continuation_dynamic,down,5,scot,2,200,act_openai_gpt,act_kimi,2,0.9974874371859297,1,F,F,7,10,7,10
exp3-BoS-down-scot-seed2-rep0,BoS,continuation_dynamic,down,5,scot,2,200,act_openai_gpt,act_kimi,3,0.9949748743718593,1,F,F,7,10,14,20
exp3-BoS-down-scot-seed2-rep0,BoS,continuation_dynamic,down,5,scot,2,200,act_openai_gpt,act_kimi,4,0.992462311557789,1,F,F,7,10,21,30
exp3-BoS-down-scot-seed2-rep0,BoS,continuation_dynamic,down,5,scot,2,200,act_openai_gpt,act_kimi,5,0.9899497487437185,1,F,F,7,10,28,40
exp3-BoS-down-scot-seed2-rep0,BoS,continuation_dynamic,down,5,scot,2,200,act_openai_gpt,act_kimi,6,0.9874371859296482,1,F,F,7,10,35,50
exp3-BoS-down-scot-seed2-rep0,BoS,continuation_dynamic,down,5,scot,2,200,act_openai_gpt,act_kimi,7,0.9849246231155779,1,F,F,7,10,42,60
exp3-BoS-down-scot-seed2-rep0,BoS,continuation_dynamic,down,5,scot,2,200,act_openai_gpt,act_kimi,8,0.9824120603015075,1,F,F,7,10,49,70
exp3-BoS-down-scot-seed2-rep0,BoS,continuation_dynamic,down,5,scot,2,200,act_openai_gpt,act_kimi,9,0.9798994974874372,1,F,F,7,10,56,80
exp3-BoS-down-scot-seed2-rep0,BoS,continuation_dynamic,down,5,scot,2,200,act_openai_gpt,act_kimi,10,0.9773869346733668,1,F,F,7,10,63,90
exp3-BoS-down-scot-seed2-rep0,BoS,continuation_dynamic,down,5,scot,2,200,act_openai_gpt,act_kimi,11,0.9748743718592965,1,F,F,7,10,70,100
exp3-BoS-down-scot-seed2-rep0,BoS,continuation_dynamic,down,5,scot,2,200,act_openai_gpt,act_kimi,12,0.9723618090452262,1,F,F,7,10,77,110
exp3-BoS-down-scot-seed2-rep0,BoS,continuation_dynamic,down,5,scot,2,200,act_openai_gpt,act_kimi,13,0.9698492462311558,1,F,F,7,10,84,120
exp3-BoS-down-scot-seed2-rep0,BoS,continuation_dynamic,down,5,scot,2,200,act_openai_gpt,act_kimi,14,0.9673366834170855,1,F,F,7,10,91,130
exp3-BoS-down-scot-seed2-rep0,BoS,continuation_dynamic,down,5,scot,2,200,act_openai_gpt,act_kimi,15,0.964824120603015,1,F,F,7,10,98,140
exp3-BoS-down-scot-seed2-rep0,BoS,continuation_dynamic,down,5,scot,2,200,act_openai_gpt,act_kimi,16,0.9623115577889447,1,F,F,7,10,105,150
exp3-BoS-down-scot-seed4-rep0,BoS,continuation_dynamic,down,5,scot,4,200,act_openai_gpt,act_kimi,1,1.0,1,J,F,0,0,0,0
exp3-BoS-down-scot-seed4-rep0,BoS,continuation_dynamic,down,5,scot,4,200,act_openai_gpt,act_kimi,2,0.9974874371859297,1,J,F,0,0,0,0
exp3-BoS-down-scot-seed4-rep0,BoS,continuation_dynamic,down,5,scot,4,200,act_openai_gpt,act_kimi,3,0.9949748743718593,1,J,F,0,0,0,0
exp3-BoS-down-scot-seed4-rep0,BoS,continuation_dynamic,down,5,scot,4,200,act_openai_gpt,act_kimi,4,0.992462311557789,1,F,F,7,10,7,10
exp3-BoS-down-scot-seed4-rep0,BoS,continuation_dynamic,down,5,scot,4,200,act_openai_gpt,act_kimi,5,0.9899497487437185,1,F,F,7,10,14,20
exp3-BoS-down-scot-seed4-rep0,BoS,continuation_dynamic,down,5,scot,4,200,act_openai_gpt,act_kimi,6,0.9874371859296482,1,F,F,7,10,21,30
exp3-BoS-down-scot-seed4-rep0,BoS,continuation_dynamic,down,5,scot,4,200,act_openai_gpt,act_kimi,7,0.9849246231155779,1,F,F,7,10,28,40
exp3-BoS-down-scot-seed4-rep0,BoS,continuation_dynamic,down,5,scot,4,200,act_openai_gpt,act_kimi,8,0.9824120603015075,1,F,F,7,10,35,50
exp3-BoS-down-scot-seed4-rep0,BoS,continuation_dynamic,down,5,scot,4,200,act_openai_gpt,act_kimi,9,0.9798994974874372,1,F,F,7,10,42,60
exp3-BoS-down-scot-seed4-rep0,BoS,continuation_dynamic,down,5,scot,4,200,act_openai_gpt,act_kimi,10,0.9773869346733668,1,F,F,7,10,49,70
exp3-BoS-down-scot-seed4-rep0,BoS,continuation_dynamic,down,5,scot,4,200,act_openai_gpt,act_kimi,11,0.9748743718592965,1,F,F,7,10,56,80
exp3-BoS-down-scot-seed4-rep0,BoS,continuation_dynamic,down,5,scot,4,200,act_openai_gpt,act_kimi,12,0.9723618090452262,1,F,F,7,10,63,90
exp3-BoS-down-scot-seed4-rep0,BoS,continuation_dynamic,down,5,scot,4,200,act_openai_gpt,act_kimi,13,0.9698492462311558,1,F,F,7,10,70,100
exp3-BoS-down-scot-seed4-rep0,BoS,continuation_dynamic,down,5,scot,4,200,act_openai_gpt,act_kimi,14,0.9673366834170855,1,F,F,7,10,77,110
exp3-BoS-down-scot-seed4-rep0,BoS,continuation_dynamic,down,5,scot,4,200,act_openai_gpt,act_kimi,15,0.964824120603015,1,F,F,7,10,84,120
exp3-BoS-down-scot-seed4-rep0,BoS,continuation_dynamic,down,5,scot,4,200,act_openai_gpt,act_kimi,16,0.9623115577889447,1,F,F,7,10,91,130
exp3-BoS-down-scot-seed4-rep0,BoS,continuation_dynamic,down,5,scot,4,200,act_openai_gpt,act_kimi,17,0.9597989949748744,1,F,F,7,10,98,140
exp3-BoS-down-scot-seed4-rep0,BoS,continuation_dynamic,down,5,scot,4,200,act_openai_gpt,act_kimi,18,0.957286432160804,1,F,F,7,10,105,150
exp3-BoS-down-scot-seed4-rep0,BoS,continuation_dynamic,down,5,scot,4,200,act_openai_gpt,act_kimi,19,0.9547738693467337,1,F,F,7,10,112,160
exp3-BoS-down-scot-seed4-rep0,BoS,continuation_dynamic,down,5,scot,4,200,act_openai_gpt,act_kimi,20,0.9522613065326633,1,F,F,7,10,119,170
exp3-BoS-down-scot-seed4-rep0,BoS,continuation_dynamic,down,5,scot,4,200,act_openai_gpt,act_kimi,21,0.949748743718593,1,F,F,7,10,126,180
exp3-BoS-down-scot-seed4-rep0,BoS,continuation_dynamic,down,5,scot,4,200,act_openai_gpt,act_kimi,22,0.9472361809045227,1,F,F,7,10,133,190
exp3-BoS-down-scot-seed4-rep0,BoS,continuation_dynamic,down,5,scot,4,200,act_openai_gpt,act_kimi,23,0.9447236180904522,1,F,F,7,10,140,200
exp3-BoS-down-scot-seed4-rep0,BoS,continuation_dynamic,down,5,scot,4,200,act_openai_gpt,act_kimi,24,0.9422110552763819,1,F,F,7,10,147,210
exp3-BoS-down-scot-seed4-rep0,BoS,continuation_dynamic,down,5,scot,4,200,act_openai_gpt,act_kimi,25,0.9396984924623115,1,F,F,7,10,154,220
exp3-BoS-down-scot-seed4-rep0,BoS,continuation_dynamic,down,5,scot,4,200,act_openai_gpt,act_kimi,26,0.9371859296482412,1,F,F,7,10,161,230
exp3-BoS-down-scot-seed4-rep0,BoS,continuation_dynamic,down,5,scot,4,200,act_openai_gpt,act_kimi,27,0.9346733668341709,1,F,F,7,10,168,240
exp3-BoS-down-scot-seed4-rep0,BoS,continuation_dynamic,down,5,scot,4,200,act_openai_gpt,act_kimi,28,0.9321608040201005,1,F,F,7,10,175,250
exp3-BoS-down-scot-seed4-rep0,BoS,continuation_dynamic,down,5,scot,4,200,act_openai_gpt,act_kimi,29,0.9296482412060302,1,F,F,7,10,182,260
exp3-BoS-down-scot-seed4-rep0,BoS,continuation_dynamic,down,5,scot,4,200,act_openai_gpt,act_kimi,30,0.9271356783919598,1,F,F,7,10,189,270
exp3-BoS-down-scot-seed4-rep0,BoS,continuation_dynamic,down,5,scot,4,200,act_openai_gpt,act_kimi,31,0.9246231155778895,1,F,F,7,10,196,280
exp3-BoS-down-scot-seed4-rep0,BoS,continuation_dynamic,down,5,scot,4,200,act_openai_gpt,act_kimi,32,0.9221105527638191,1,F,F,7,10,203,290
exp3-BoS-down-scot-seed4-rep0,BoS,continuation_dynamic,down,5,scot,4,200,act_openai_gpt,act_kimi,33,0.9195979899497487,1,F,F,7,10,210,300
exp3-BoS-down-scot-seed6-rep0,BoS,continuation_dynamic,down,5,scot,6,200,act_openai_gpt,act_kimi,1,1.0,1,J,F,0,0,0,0
exp3-BoS-down-scot-seed6-rep0,BoS,continuation_dynamic,down,5,scot,6,200,act_openai_gpt,act_kimi,2,0.9974874371859297,1,J,F,0,0,0,0
exp3-BoS-down-scot-seed6-rep0,BoS,continuation_dynamic,down,5,scot,6,200,act_openai_gpt,act_kimi,3,0.9949748743718593,1,F,F,7,10,7,10
exp3-BoS-down-scot-seed6-rep0,BoS,continuation_dynamic,down,5,scot,6,200,act_openai_gpt,act_kimi,4,0.992462311557789,1,F,F,7,10,14,20
exp3-BoS-down-scot-seed6-rep0,BoS,continuation_dynamic,down,5,scot,6,200,act_openai_gpt,act_kimi,5,0.9899497487437185,1,F,F,7,10,21,30
exp3-BoS-down-scot-seed6-rep0,BoS,continuation_dynamic,down,5,scot,6,200,act_openai_gpt,act_kimi,6,0.9874371859296482,1,F,F,7,10,28,40
exp3-BoS-down-scot-seed6-rep0,BoS,continuation_dynamic,down,5,scot,6,200,act_openai_gpt,act_kimi,7,0.9849246231155779,1,F,F,7,10,35,50
exp3-BoS-down-scot-seed6-rep0,BoS,continuation_dynamic,down,5,scot,6,200,act_openai_gpt,act_kimi,8,0.9824120603015075,1,F,F,7,10,42,60
exp3-BoS-down-scot-seed6-rep0,BoS,continuation_dynamic,down,5,scot,6,200,act_openai_gpt,act_kimi,9,0.9798994974874372,1,F,F,7,10,49,70
exp3-BoS-down-scot-seed6-rep0,BoS,continuation_dynamic,down,5,scot,6,200,act_openai_gpt,act_kimi,10,0.9773869346733668,1,F,F,7,10,56,80
exp3-BoS-down-scot-seed6-rep0,BoS,continuation_dynamic,down,5,scot,6,200,act_openai_gpt,act_kimi,11,0.9748743718592965,1,F,F,7,10,63,90
exp3-BoS-down-scot-seed6-rep0,BoS,continuation_dynamic,down,5,scot,6,200,act_openai_gpt,act_kimi,12,0.9723618090452262,1,F,F,7,10,70,100
exp3-BoS-down-scot-seed6-rep0,BoS,continuation_dynamic,down,5,scot,6,200,act_openai_gpt,act_kimi,13,0.9698492462311558,1,F,F,7,10,77,110
exp3-BoS-down-scot-seed6-rep0,BoS,continuation_dynamic,down,5,scot,6,200,act_openai_gpt,act_kimi,14,0.9673366834170855,1,F,F,7,10,84,120
exp3-BoS-down-scot-seed6-rep0,BoS,continuation_dynamic,down,5,scot,6,200,act_openai_gpt,act_kimi,15,0.964824120603015,1,F,F,7,10,91,130
exp3-BoS-down-scot-seed6-rep0,BoS,continuation_dynamic,down,5,scot,6,200,act_openai_gpt,act_kimi,16,0.9623115577889447,1,F,F,7,10,98,140
exp3-BoS-down-scot-seed6-rep0,BoS,continuation_dynamic,down,5,scot,6,200,act_openai_gpt,act_kimi,17,0.9597989949748744,1,F,F,7,10,105,150
exp3-BoS-down-scot-seed6-rep0,BoS,continuation_dynamic,down,5,scot,6,200,act_openai_gpt,act_kimi,18,0.957286432160804,1,F,F,7,10,112,160
exp3-BoS-down-scot-seed6-rep0,BoS,continuation_dynamic,down,5,scot,6,200,act_openai_gpt,act_kimi,19,0.9547738693467337,1,F,F,7,10,119,170
exp3-BoS-down-scot-seed6-rep0,BoS,continuation_dynamic,down,5,scot,6,200,act_openai_gpt,act_kimi,20,0.9522613065326633,1,F,F,7,10,126,180
exp3-BoS-down-scot-seed6-rep0,BoS,continuation_dynamic,down,5,scot,6,200,act_openai_gpt,act_kimi,21,0.949748743718593,1,F,F,7,10,133,190
exp3-BoS-down-scot-seed6-rep0,BoS,continuation_dynamic,down,5,scot,6,200,act_openai_gpt,act_kimi,22,0.9472361809045227,1,F,F,7,10,140,200
exp3-BoS-down-scot-seed6-rep0,BoS,continuation_dynamic,down,5,scot,6,200,act_openai_gpt,act_kimi,23,0.9447236180904522,1,F,F,7,10,147,210
exp3-BoS-down-scot-seed6-rep0,BoS,continuation_dynamic,down,5,scot,6,200,act_openai_gpt,act_kimi,24,0.9422110552763819,1,F,F,7,10,154,220
exp3-BoS-down-scot-seed6-rep0,BoS,continuation_dynamic,down,5,scot,6,200,act_openai_gpt,act_kimi,25,0.9396984924623115,1,F,F,7,10,161,230
exp3-BoS-down-scot-seed6-rep0,BoS,continuation_dynamic,down,5,scot,6,200,act_openai_gpt,act_kimi,26,0.9371859296482412,1,F,F,7,10,168,240
exp3-BoS-down-scot-seed6-rep0,BoS,continuation_dynamic,down,5,scot,6,200,act_openai_gpt,act_kimi,27,0.9346733668341709,1,F,F,7,10,175,250
exp3-BoS-down-scot-seed6-rep0,BoS,continuation_dynamic,down,5,scot,6,200,act_openai_gpt,act_kimi,28,0.9321608040201005,1,F,F,7,10,182,260
exp3-BoS-down-scot-seed6-rep0,BoS,continuation_dynamic,down,5,scot,6,200,act_openai_gpt,act_kimi,29,0.9296482412060302,1,F,F,7,10,189,270
exp3-BoS-down-scot-seed6-rep0,BoS,continuation_dynamic,down,5,scot,6,200,act_openai_gpt,act_kimi,30,0.9271356783919598,1,F,F,7,10,196,280
exp3-BoS-down-scot-seed6-rep0,BoS,continuation_dynamic,down,5,scot,6,200,act_openai_gpt,act_kimi,31,0.9246231155778895,1,F,F,7,10,203,290
exp3-BoS-down-scot-seed6-rep0,BoS,continuation_dynamic,down,5,scot,6,200,act_openai_gpt,act_kimi,32,0.9221105527638191,1,F,F,7,10,210,300
exp3-BoS-down-scot-seed6-rep0,BoS,continuation_dynamic,down,5,scot,6,200,act_openai_gpt,act_kimi,33,0.9195979899497487,1,F,F,7,10,217,310
exp3-BoS-down-scot-seed8-rep0,BoS,continuation_dynamic,down,5,scot,8,200,act_openai_gpt,act_kimi,1,1.0,1,J,F,0,0,0,0
exp3-BoS-down-scot-seed8-rep0,BoS,continuation_dynamic,down,5,scot,8,200,act_openai_gpt,act_kimi,2,0.9974874371859297,1,F,F,7,10,7,10
exp3-BoS-down-scot-seed8-rep0,BoS,continuation_dynamic,down,5,scot,8,200,act_openai_gpt,act_kimi,3,0.9949748743718593,1,F,F,7,10,14,20
exp3-BoS-down-scot-seed8-rep0,BoS,continuation_dynamic,down,5,scot,8,200,act_openai_gpt,act_kimi,4,0.992462311557789,1,F,F,7,10,21,30
exp3-BoS-down-scot-seed8-rep0,BoS,continuation_dynamic,down,5,scot,8,200,act_openai_gpt,act_kimi,5,0.9899497487437185,1,F,F,7,10,28,40
exp3-BoS-down-scot-seed8-rep0,BoS,continuation_dynamic,down,5,scot,8,200,act_openai_gpt,act_kimi,6,0.9874371859296482,1,F,F,7,10,35,50
exp3-BoS-down-scot-seed8-rep0,BoS,continuation_dynamic,down,5,scot,8,200,act_openai_gpt,act_kimi,7,0.9849246231155779,1,F,F,7,10,42,60
